{
    "kpc_cgs": 3.08567758e+21,
    "G_cgs": 6.67e-08,
    "Mo_cgs": 1.99e+33,
    "umass_GizToGas": 1.0,
    "umass": 1.0,
    "udist": 1.0,
    "uvel": 0.00207402593434538,
    "utime": 1.48777193616623e+19,
    "sec2myr": 31536000000000.0
}